{"cameraMode":{"drawMode":0,"name":"Shaded","section":"Shading Mode"},"sceneLighting":true,"audioPlay":false,"sceneViewState":{"m_AlwaysRefresh":false,"showFog":true,"showSkybox":true,"showFlares":true,"showImageEffects":true,"showParticleSystems":true,"showVisualEffectGraphs":true,"m_FxEnabled":true},"in2DMode":false,"pivot":{"x":-4.577375411987305,"y":41.39107894897461,"z":48.88959884643555},"rotation":{"x":0.003466084599494934,"y":0.9743083715438843,"z":-0.22485211491584779,"w":0.015225996263325215},"size":0.5733876824378967,"orthographic":false}